{"cameraMatrix": [[957.0507100219487, 0.0, 601.8628493914655], [0.0, 959.8995830909329, 380.575832838928], [0.0, 0.0, 1.0]], "cameraDist": [[0.04643971585843366, -0.18585161081719467, 0.0012118003614900576, -0.0005212826136596436, 0.15340102934057065]]}