{"cameraMatrix": [[75.22253678305316, 0.0, 643.1145521426444], [0.0, 45.552941904102, 361.16957818603174], [0.0, 0.0, 1.0]], "cameraDist": [[0.026377389966417836, 0.025006723063292508, 0.0023782117900352957, 0.052941278445868344, 0.02183699179339816]], "rvecs": [[[22013948592.77447], [-86337762520.02647], [16699501555.402454]]], "tvecs": [[[-76922059.5252898], [168658639.98831832], [-204272362.2786871]]]}