{"cameraMatrix": [[1011.7551934489197, 0.0, 658.394165265085], [0.0, 1067.9599577606289, 366.2832371402659], [0.0, 0.0, 1.0]], "cameraDist": [[-0.01806815068094895, 0.29168238433595695, 0.0012074653823388169, -0.006827925925788068, -0.23359737541750153]], "rvecs": [[[-0.5624842038284293], [-0.33313152003619456], [-0.3995168482242235]], [[-0.5595127202618152], [-0.33465893941925196], [-0.4006420273106198]], [[-0.5542953650385135], [-0.3351582589094243], [-0.4020364677456086]], [[-0.5542953650385137], [-0.33515825890942436], [-0.4020364677456087]], [[-0.5528356267701279], [-0.33328931855318383], [-0.4010346387078515]], [[-0.5493211870002696], [-0.3342451566380748], [-0.40038857947948125]], [[-0.5493211870002694], [-0.3342451566380744], [-0.4003885794794812]], [[-0.5506324683996283], [-0.32981553419792903], [-0.39802830904933517]], [[-0.5506324683996282], [-0.329815534197929], [-0.39802830904933517]], [[-0.546692290138457], [-0.32822552492720675], [-0.39677058044902663]], [[-0.550555719833488], [-0.3267084260213151], [-0.39698967682882297]]], "tvecs": [[[-0.21544596400744967], [-0.09770890314000588], [0.493389922297564]], [[-0.21572948367134712], [-0.09830688575967239], [0.49111986407958647]], [[-0.21610927447494616], [-0.099379659105026], [0.48886097167224046]], [[-0.21610927447494616], [-0.09937965910502598], [0.48886097167224046]], [[-0.21607468637130078], [-0.09971682878023579], [0.4886731832532529]], [[-0.21558765044311615], [-0.0999612818879072], [0.48797779153697823]], [[-0.21558765044311617], [-0.09996128188790722], [0.4879777915369783]], [[-0.21533326334197836], [-0.09945872470595081], [0.48956156969079423]], [[-0.21533326334197836], [-0.0994587247059508], [0.4895615696907942]], [[-0.21539670829076693], [-0.09924939259097501], [0.4896356451547898]], [[-0.21546709634232797], [-0.09882358362693815], [0.4884138981216157]]]}