{"cameraMatrix": [[940.2995182975119, 0.0, 643.5224336479945], [0.0, 942.5544690166345, 338.33071247935], [0.0, 0.0, 1.0]], "cameraDist": [[-0.21360480914743304, 0.8521907018592303, 0.0009995518743366617, 0.000700857639069981, -1.2347596175998636]], "rvecs": [[[0.09964947247471108], [0.028418047340372003], [-0.061523623217177706]], [[0.1890753142335514], [0.027850252161628848], [-0.012705916553544973]], [[-0.3916229568368286], [0.027093133385933225], [-0.004696970224339106]], [[0.034546935411914316], [0.025799618662695412], [0.0057192004023787334]], [[-0.9035835072158672], [-0.5113752122814734], [-0.14597936119579724]]], "tvecs": [[[-0.137783902085353], [-0.044442358626125], [0.36336068589289705]], [[-0.12937729243979873], [-0.01137299998562391], [0.44062809387317087]], [[-0.09490204688480605], [-0.08635926500417306], [0.3651463081099782]], [[-0.11714733337316029], [-0.015252075402399458], [0.5460795546586165]], [[-0.2392781365090022], [0.08674569580423247], [0.8052615620717333]]]}