{"cameraMatrix": [[1173.0884809671966, 0.0, 638.313608953565], [0.0, 1199.1107150333903, 326.7802549819336], [0.0, 0.0, 1.0]], "cameraDist": [[0.44452951894362, -18.83573843141201, 0.002590946482579058, 0.0009613567611672326, 269.88388295224394]], "rvecs": [[[-0.496554691526007], [0.13989756820656524], [0.7214316982511693]]], "tvecs": [[[-0.02742979858301694], [-0.14990927046870378], [0.7776966681226691]]]}